[
    {
        "avatar": "https://avatars1.githubusercontent.com/u/14845298",
        "username": "RianMan",
        "content": "这种级别的面试题一般会出现在什么样的公司中"
    },
    {
        "avatar": "https://avatars1.githubusercontent.com/u/14845298",
        "username": "RianMan",
        "content": "这种级别的面试题一般会出现在什么样的公司中?"
    },
    {
        "avatar": "https://avatars1.githubusercontent.com/u/14845298",
        "username": "RianMan",
        "content": "这种级别的面试题一般会出现在什么样的公司中?"
    }
]