[
  {
    "id": 1,
    "name": "尤五",
    "picture": "img/man.png",
    "phone": "10377771223",
    "sex": 0,
    "password": "4af22e23abcea2099da82741",
    "bio": "Live beautifully, dream passionately, love completely",
    "time": 1506090072369,
    "isMatch": 1,
    "matchId": "001",
    "slogan": "你是唯一的，你是非常独特的，你就是你生命中的第一名",
    "voteNum": 1
  },
  {
    "id": 2,
    "name": "郑一",
    "picture": "img/woman.png",
    "phone": "14255731434",
    "sex": 1,
    "password": "4af22e23abcea2099da82741",
    "bio": "Albert Einstein: Logic will get you from A to B. Imagination will take you everywhere",
    "time": 1506090072369,
    "isMatch": 0,
    "matchId": "000",
    "slogan": "",
    "voteNum": 0
  },
  {
    "id": 3,
    "name": "王一",
    "picture": "img/man.png",
    "phone": "12791881467",
    "sex": 0,
    "password": "4af22e23abcea2099da82741",
    "bio": "A mans best friends are his ten fingers",
    "time": 1506090072369,
    "isMatch": 0,
    "matchId": "000",
    "slogan": "",
    "voteNum": 0
  },
  {
    "id": 4,
    "name": "严八",
    "picture": "img/woman.png",
    "phone": "16985003732",
    "sex": 1,
    "password": "4af22e23abcea2099da82741",
    "bio": "The greatest test of courage on earth is to bear defeat without losing heart",
    "time": 1506090072369,
    "isMatch": 1,
    "matchId": "002",
    "slogan": "不要沉沦，在任何环境中你都可以选择奋起",
    "voteNum": 0
  },
  {
    "id": 5,
    "name": "韩六",
    "picture": "img/woman.png",
    "phone": "13144645564",
    "sex": 1,
    "password": "4af22e23abcea2099da82741",
    "bio": "Live beautifully, dream passionately, love completely",
    "time": 1506090072369,
    "isMatch": 0,
    "matchId": "000",
    "slogan": "",
    "voteNum": 0
  },
  {
    "id": 6,
    "name": "杨一",
    "picture": "img/man.png",
    "phone": "17235201747",
    "sex": 0,
    "password": "4af22e23abcea2099da82741",
    "bio": "A mans best friends are his ten fingers",
    "time": 1506090072369,
    "isMatch": 0,
    "matchId": "000",
    "slogan": "",
    "voteNum": 0
  },
  {
    "id": 7,
    "name": "何四",
    "picture": "img/man.png",
    "phone": "16645685243",
    "sex": 0,
    "password": "4af22e23abcea2099da82741",
    "bio": "The greatest test of courage on earth is to bear defeat without losing heart",
    "time": 1506090072369,
    "isMatch": 1,
    "matchId": "003",
    "slogan": "一个人只有投身于伟大的时代洪流中，他的生命才会闪耀出光彩",
    "voteNum": 0
  },
  {
    "id": 8,
    "name": "孙二",
    "picture": "img/woman.png",
    "phone": "16536787700",
    "sex": 1,
    "password": "4af22e23abcea2099da82741",
    "bio": "The greatest test of courage on earth is to bear defeat without losing heart",
    "time": 1506090072369,
    "isMatch": 0,
    "matchId": "000",
    "slogan": "",
    "voteNum": 0
  },
  {
    "id": 9,
    "name": "王五",
    "picture": "img/woman.png",
    "phone": "17756738842",
    "sex": 1,
    "password": "4af22e23abcea2099da82741",
    "bio": "The greatest test of courage on earth is to bear defeat without losing heart",
    "time": 1506090072369,
    "isMatch": 1,
    "matchId": "004",
    "slogan": "一个人只有投身于伟大的时代洪流中，他的生命才会闪耀出光彩",
    "voteNum": 0
  },
  {
    "id": 10,
    "name": "江三",
    "picture": "img/man.png",
    "phone": "15206209287",
    "sex": 0,
    "password": "4af22e23abcea2099da82741",
    "bio": "The greatest test of courage on earth is to bear defeat without losing heart",
    "time": 1506090072369,
    "isMatch": 0,
    "matchId": "000",
    "slogan": "",
    "voteNum": 0
  },
  {
    "id": 11,
    "name": "金三",
    "picture": "img/man.png",
    "phone": "13605355862",
    "sex": 0,
    "password": "4af22e23abcea2099da82741",
    "bio": "Albert Einstein: Logic will get you from A to B. Imagination will take you everywhere",
    "time": 1506090072369,
    "isMatch": 1,
    "matchId": "005",
    "slogan": "你是唯一的，你是非常独特的，你就是你生命中的第一名",
    "voteNum": 0
  },
  {
    "id": 12,
    "name": "秦三",
    "picture": "img/man.png",
    "phone": "13068967252",
    "sex": 0,
    "password": "4af22e23abcea2099da82741",
    "bio": "The greatest test of courage on earth is to bear defeat without losing heart",
    "time": 1506090072369,
    "isMatch": 1,
    "matchId": "006",
    "slogan": "要培养各方面的能力，包括承受悲惨命运的能力",
    "voteNum": 0
  },
  {
    "id": 13,
    "name": "魏九",
    "picture": "img/woman.png",
    "phone": "14143230684",
    "sex": 1,
    "password": "4af22e23abcea2099da82741",
    "bio": "Live beautifully, dream passionately, love completely",
    "time": 1506090072369,
    "isMatch": 1,
    "matchId": "007",
    "slogan": "只有收获，才能检验耕耘的意义；只有贡献，方可衡量人生的价值",
    "voteNum": 0
  },
  {
    "id": 14,
    "name": "李四",
    "picture": "img/woman.png",
    "phone": "13146446020",
    "sex": 1,
    "password": "4af22e23abcea2099da82741",
    "bio": "Only they who fulfill their duties in everyday matters will fulfill them on  great occasions",
    "time": 1506090072369,
    "isMatch": 0,
    "matchId": "000",
    "slogan": "",
    "voteNum": 0
  },
  {
    "id": 15,
    "name": "周六",
    "picture": "img/woman.png",
    "phone": "19363632385",
    "sex": 1,
    "password": "4af22e23abcea2099da82741",
    "bio": "Albert Einstein: Logic will get you from A to B. Imagination will take you everywhere",
    "time": 1506090072369,
    "isMatch": 1,
    "matchId": "008",
    "slogan": "留一片空白，随时浓墨重彩",
    "voteNum": 0
  },
  {
    "id": 16,
    "name": "赵七",
    "picture": "img/man.png",
    "phone": "15321288183",
    "sex": 0,
    "password": "4af22e23abcea2099da82741",
    "bio": "Albert Einstein: Logic will get you from A to B. Imagination will take you everywhere",
    "time": 1506090072369,
    "isMatch": 1,
    "matchId": "009",
    "slogan": "一个人只有投身于伟大的时代洪流中，他的生命才会闪耀出光彩",
    "voteNum": 0
  },
  {
    "id": 17,
    "name": "华八",
    "picture": "img/woman.png",
    "phone": "10686674455",
    "sex": 1,
    "password": "4af22e23abcea2099da82741",
    "bio": "Live beautifully, dream passionately, love completely",
    "time": 1506090072369,
    "isMatch": 0,
    "matchId": "000",
    "slogan": "",
    "voteNum": 0
  },
  {
    "id": 18,
    "name": "韩八",
    "picture": "img/man.png",
    "phone": "12566163406",
    "sex": 0,
    "password": "4af22e23abcea2099da82741",
    "bio": "Albert Einstein: Logic will get you from A to B. Imagination will take you everywhere",
    "time": 1506090072369,
    "isMatch": 0,
    "matchId": "000",
    "slogan": "",
    "voteNum": 0
  },
  {
    "id": 19,
    "name": "冯七",
    "picture": "img/woman.png",
    "phone": "14562686967",
    "sex": 1,
    "password": "4af22e23abcea2099da82741",
    "bio": "Live beautifully, dream passionately, love completely",
    "time": 1506090072369,
    "isMatch": 0,
    "matchId": "000",
    "slogan": "",
    "voteNum": 0
  },
  {
    "id": 20,
    "name": "孔二",
    "picture": "img/woman.png",
    "phone": "18545586847",
    "sex": 1,
    "password": "4af22e23abcea2099da82741",
    "bio": "A mans best friends are his ten fingers",
    "time": 1506090072369,
    "isMatch": 0,
    "matchId": "000",
    "slogan": "",
    "voteNum": 0
  },
  {
    "id": 21,
    "name": "卫三",
    "picture": "img/man.png",
    "phone": "16323294644",
    "sex": 0,
    "password": "4af22e23abcea2099da82741",
    "bio": "Albert Einstein: Logic will get you from A to B. Imagination will take you everywhere",
    "time": 1506090072369,
    "isMatch": 1,
    "matchId": "010",
    "slogan": "你认为自己行就一定行，每天要不断向自己重复",
    "voteNum": 0
  },
  {
    "id": 22,
    "name": "钱八",
    "picture": "img/man.png",
    "phone": "14539535814",
    "sex": 0,
    "password": "4af22e23abcea2099da82741",
    "bio": "Albert Einstein: Logic will get you from A to B. Imagination will take you everywhere",
    "time": 1506090072369,
    "isMatch": 1,
    "matchId": "011",
    "slogan": "只要充分相信自己，没有什么困难可以足够持久",
    "voteNum": 0
  },
  {
    "id": 23,
    "name": "蒋六",
    "picture": "img/woman.png",
    "phone": "11873469559",
    "sex": 1,
    "password": "4af22e23abcea2099da82741",
    "bio": "Live beautifully, dream passionately, love completely",
    "time": 1506090072369,
    "isMatch": 1,
    "matchId": "012",
    "slogan": "你认为自己行就一定行，每天要不断向自己重复",
    "voteNum": 0
  },
  {
    "id": 24,
    "name": "金七",
    "picture": "img/man.png",
    "phone": "14570013448",
    "sex": 0,
    "password": "4af22e23abcea2099da82741",
    "bio": "A mans best friends are his ten fingers",
    "time": 1506090072369,
    "isMatch": 1,
    "matchId": "013",
    "slogan": "一个人只有投身于伟大的时代洪流中，他的生命才会闪耀出光彩",
    "voteNum": 0
  },
  {
    "id": 25,
    "name": "沈二",
    "picture": "img/woman.png",
    "phone": "17341750848",
    "sex": 1,
    "password": "4af22e23abcea2099da82741",
    "bio": "Albert Einstein: Logic will get you from A to B. Imagination will take you everywhere",
    "time": 1506090072369,
    "isMatch": 1,
    "matchId": "014",
    "slogan": "只要充分相信自己，没有什么困难可以足够持久",
    "voteNum": 0
  },
  {
    "id": 26,
    "name": "唐六",
    "picture": "img/woman.png",
    "phone": "11521413721",
    "sex": 1,
    "password": "4af22e23abcea2099da82741",
    "bio": "Albert Einstein: Logic will get you from A to B. Imagination will take you everywhere",
    "time": 1506090072369,
    "isMatch": 0,
    "matchId": "000",
    "slogan": "",
    "voteNum": 0
  },
  {
    "id": 27,
    "name": "吴五",
    "picture": "img/man.png",
    "phone": "14786881113",
    "sex": 0,
    "password": "4af22e23abcea2099da82741",
    "bio": "A mans best friends are his ten fingers",
    "time": 1506090072369,
    "isMatch": 0,
    "matchId": "000",
    "slogan": "",
    "voteNum": 0
  },
  {
    "id": 28,
    "name": "曹八",
    "picture": "img/woman.png",
    "phone": "17761070524",
    "sex": 1,
    "password": "4af22e23abcea2099da82741",
    "bio": "Live beautifully, dream passionately, love completely",
    "time": 1506090072369,
    "isMatch": 0,
    "matchId": "000",
    "slogan": "",
    "voteNum": 0
  },
  {
    "id": 29,
    "name": "赵二",
    "picture": "img/man.png",
    "phone": "15426856960",
    "sex": 0,
    "password": "4af22e23abcea2099da82741",
    "bio": "Albert Einstein: Logic will get you from A to B. Imagination will take you everywhere",
    "time": 1506090072369,
    "isMatch": 0,
    "matchId": "000",
    "slogan": "",
    "voteNum": 0
  },
  {
    "id": 30,
    "name": "李三",
    "picture": "img/man.png",
    "phone": "15717615482",
    "sex": 0,
    "password": "4af22e23abcea2099da82741",
    "bio": "Albert Einstein: Logic will get you from A to B. Imagination will take you everywhere",
    "time": 1506090072369,
    "isMatch": 1,
    "matchId": "015",
    "slogan": "你认为自己行就一定行，每天要不断向自己重复",
    "voteNum": 0
  },
  {
    "id": 31,
    "name": "韩五",
    "picture": "img/man.png",
    "phone": "17858839583",
    "sex": 0,
    "password": "4af22e23abcea2099da82741",
    "bio": "Albert Einstein: Logic will get you from A to B. Imagination will take you everywhere",
    "time": 1506090072369,
    "isMatch": 1,
    "matchId": "016",
    "slogan": "只要你不认输，就有机会！",
    "voteNum": 0
  },
  {
    "id": 32,
    "name": "魏二",
    "picture": "img/man.png",
    "phone": "12277367652",
    "sex": 0,
    "password": "4af22e23abcea2099da82741",
    "bio": "The greatest test of courage on earth is to bear defeat without losing heart",
    "time": 1506090072369,
    "isMatch": 1,
    "matchId": "017",
    "slogan": "要培养各方面的能力，包括承受悲惨命运的能力",
    "voteNum": 0
  },
  {
    "id": 33,
    "name": "唐六",
    "picture": "img/woman.png",
    "phone": "17117472439",
    "sex": 1,
    "password": "4af22e23abcea2099da82741",
    "bio": "Albert Einstein: Logic will get you from A to B. Imagination will take you everywhere",
    "time": 1506090072369,
    "isMatch": 1,
    "matchId": "018",
    "slogan": "只要你不认输，就有机会！",
    "voteNum": 0
  },
  {
    "id": 34,
    "name": "华五",
    "picture": "img/man.png",
    "phone": "17514703630",
    "sex": 0,
    "password": "4af22e23abcea2099da82741",
    "bio": "The greatest test of courage on earth is to bear defeat without losing heart",
    "time": 1506090072369,
    "isMatch": 1,
    "matchId": "019",
    "slogan": "你认为自己行就一定行，每天要不断向自己重复",
    "voteNum": 0
  },
  {
    "id": 35,
    "name": "郑二",
    "picture": "img/woman.png",
    "phone": "18184861866",
    "sex": 1,
    "password": "4af22e23abcea2099da82741",
    "bio": "A mans best friends are his ten fingers",
    "time": 1506090072369,
    "isMatch": 0,
    "matchId": "000",
    "slogan": "",
    "voteNum": 0
  },
  {
    "id": 36,
    "name": "钱五",
    "picture": "img/woman.png",
    "phone": "14819187233",
    "sex": 1,
    "password": "4af22e23abcea2099da82741",
    "bio": "A mans best friends are his ten fingers",
    "time": 1506090072369,
    "isMatch": 1,
    "matchId": "020",
    "slogan": "你认为自己行就一定行，每天要不断向自己重复",
    "voteNum": 0
  },
  {
    "id": 37,
    "name": "孙四",
    "picture": "img/man.png",
    "phone": "19127488285",
    "sex": 0,
    "password": "4af22e23abcea2099da82741",
    "bio": "Live beautifully, dream passionately, love completely",
    "time": 1506090072369,
    "isMatch": 0,
    "matchId": "000",
    "slogan": "",
    "voteNum": 0
  },
  {
    "id": 38,
    "name": "张七",
    "picture": "img/man.png",
    "phone": "10137507678",
    "sex": 0,
    "password": "4af22e23abcea2099da82741",
    "bio": "The greatest test of courage on earth is to bear defeat without losing heart",
    "time": 1506090072369,
    "isMatch": 1,
    "matchId": "021",
    "slogan": "留一片空白，随时浓墨重彩",
    "voteNum": 0
  },
  {
    "id": 39,
    "name": "冯九",
    "picture": "img/woman.png",
    "phone": "14311745354",
    "sex": 1,
    "password": "4af22e23abcea2099da82741",
    "bio": "Albert Einstein: Logic will get you from A to B. Imagination will take you everywhere",
    "time": 1506090072369,
    "isMatch": 0,
    "matchId": "000",
    "slogan": "",
    "voteNum": 0
  },
  {
    "id": 40,
    "name": "杨二",
    "picture": "img/woman.png",
    "phone": "11161372277",
    "sex": 1,
    "password": "4af22e23abcea2099da82741",
    "bio": "Only they who fulfill their duties in everyday matters will fulfill them on  great occasions",
    "time": 1506090072369,
    "isMatch": 1,
    "matchId": "022",
    "slogan": "不要沉沦，在任何环境中你都可以选择奋起",
    "voteNum": 0
  },
  {
    "id": 41,
    "name": "沈四",
    "picture": "img/woman.png",
    "phone": "14056248996",
    "sex": 1,
    "password": "4af22e23abcea2099da82741",
    "bio": "A mans best friends are his ten fingers",
    "time": 1506090072369,
    "isMatch": 0,
    "matchId": "000",
    "slogan": "",
    "voteNum": 0
  },
  {
    "id": 42,
    "name": "施一",
    "picture": "img/man.png",
    "phone": "15180257865",
    "sex": 0,
    "password": "4af22e23abcea2099da82741",
    "bio": "Albert Einstein: Logic will get you from A to B. Imagination will take you everywhere",
    "time": 1506090072369,
    "isMatch": 1,
    "matchId": "023",
    "slogan": "留一片空白，随时浓墨重彩",
    "voteNum": 0
  },
  {
    "id": 43,
    "name": "孔五",
    "picture": "img/woman.png",
    "phone": "12866679482",
    "sex": 1,
    "password": "4af22e23abcea2099da82741",
    "bio": "A mans best friends are his ten fingers",
    "time": 1506090072369,
    "isMatch": 1,
    "matchId": "024",
    "slogan": "你认为自己行就一定行，每天要不断向自己重复",
    "voteNum": 0
  },
  {
    "id": 44,
    "name": "秦一",
    "picture": "img/man.png",
    "phone": "18177356881",
    "sex": 0,
    "password": "4af22e23abcea2099da82741",
    "bio": "A mans best friends are his ten fingers",
    "time": 1506090072369,
    "isMatch": 0,
    "matchId": "000",
    "slogan": "",
    "voteNum": 0
  },
  {
    "id": 45,
    "name": "冯七",
    "picture": "img/man.png",
    "phone": "11161111842",
    "sex": 0,
    "password": "4af22e23abcea2099da82741",
    "bio": "A mans best friends are his ten fingers",
    "time": 1506090072369,
    "isMatch": 0,
    "matchId": "000",
    "slogan": "",
    "voteNum": 0
  },
  {
    "id": 46,
    "name": "何四",
    "picture": "img/woman.png",
    "phone": "13843678136",
    "sex": 1,
    "password": "4af22e23abcea2099da82741",
    "bio": "Albert Einstein: Logic will get you from A to B. Imagination will take you everywhere",
    "time": 1506090072369,
    "isMatch": 0,
    "matchId": "000",
    "slogan": "",
    "voteNum": 0
  },
  {
    "id": 47,
    "name": "蒋六",
    "picture": "img/woman.png",
    "phone": "11051171434",
    "sex": 1,
    "password": "4af22e23abcea2099da82741",
    "bio": "A mans best friends are his ten fingers",
    "time": 1506090072369,
    "isMatch": 0,
    "matchId": "000",
    "slogan": "",
    "voteNum": 0
  },
  {
    "id": 48,
    "name": "朱六",
    "picture": "img/woman.png",
    "phone": "14838281620",
    "sex": 1,
    "password": "4af22e23abcea2099da82741",
    "bio": "Albert Einstein: Logic will get you from A to B. Imagination will take you everywhere",
    "time": 1506090072369,
    "isMatch": 0,
    "matchId": "000",
    "slogan": "",
    "voteNum": 0
  },
  {
    "id": 49,
    "name": "魏七",
    "picture": "img/man.png",
    "phone": "11151273884",
    "sex": 0,
    "password": "4af22e23abcea2099da82741",
    "bio": "Albert Einstein: Logic will get you from A to B. Imagination will take you everywhere",
    "time": 1506090072369,
    "isMatch": 1,
    "matchId": "025",
    "slogan": "留一片空白，随时浓墨重彩",
    "voteNum": 0
  },
  {
    "id": 50,
    "name": "张六",
    "picture": "img/woman.png",
    "phone": "17111738802",
    "sex": 1,
    "password": "4af22e23abcea2099da82741",
    "bio": "The greatest test of courage on earth is to bear defeat without losing heart",
    "time": 1506090072369,
    "isMatch": 1,
    "matchId": "026",
    "slogan": "只要充分相信自己，没有什么困难可以足够持久",
    "voteNum": 1
  },
  {
    "id": 51,
    "name": "金一",
    "picture": "img/man.png",
    "phone": "13141753044",
    "sex": 0,
    "password": "4af22e23abcea2099da82741",
    "bio": "The greatest test of courage on earth is to bear defeat without losing heart",
    "time": 1506090072369,
    "isMatch": 1,
    "matchId": "027",
    "slogan": "你认为自己行就一定行，每天要不断向自己重复",
    "voteNum": 0
  },
  {
    "id": 52,
    "name": "何一",
    "picture": "img/woman.png",
    "phone": "15713641254",
    "sex": 1,
    "password": "4af22e23abcea2099da82741",
    "bio": "Albert Einstein: Logic will get you from A to B. Imagination will take you everywhere",
    "time": 1506090072369,
    "isMatch": 1,
    "matchId": "028",
    "slogan": "只有收获，才能检验耕耘的意义；只有贡献，方可衡量人生的价值",
    "voteNum": 0
  },
  {
    "id": 53,
    "name": "蒋五",
    "picture": "img/woman.png",
    "phone": "10377566194",
    "sex": 1,
    "password": "4af22e23abcea2099da82741",
    "bio": "The greatest test of courage on earth is to bear defeat without losing heart",
    "time": 1506090072369,
    "isMatch": 0,
    "matchId": "000",
    "slogan": "",
    "voteNum": 0
  },
  {
    "id": 54,
    "name": "王一",
    "picture": "img/man.png",
    "phone": "18160767047",
    "sex": 0,
    "password": "4af22e23abcea2099da82741",
    "bio": "Only they who fulfill their duties in everyday matters will fulfill them on  great occasions",
    "time": 1506090072369,
    "isMatch": 1,
    "matchId": "029",
    "slogan": "不要沉沦，在任何环境中你都可以选择奋起",
    "voteNum": 0
  },
  {
    "id": 55,
    "name": "金四",
    "picture": "img/woman.png",
    "phone": "13252286744",
    "sex": 1,
    "password": "4af22e23abcea2099da82741",
    "bio": "Albert Einstein: Logic will get you from A to B. Imagination will take you everywhere",
    "time": 1506090072369,
    "isMatch": 0,
    "matchId": "000",
    "slogan": "",
    "voteNum": 0
  },
  {
    "id": 56,
    "name": "陈二",
    "picture": "img/woman.png",
    "phone": "16877346681",
    "sex": 1,
    "password": "4af22e23abcea2099da82741",
    "bio": "The greatest test of courage on earth is to bear defeat without losing heart",
    "time": 1506090072369,
    "isMatch": 0,
    "matchId": "000",
    "slogan": "",
    "voteNum": 0
  },
  {
    "id": 57,
    "name": "朱三",
    "picture": "img/man.png",
    "phone": "18751436116",
    "sex": 0,
    "password": "4af22e23abcea2099da82741",
    "bio": "Albert Einstein: Logic will get you from A to B. Imagination will take you everywhere",
    "time": 1506090072369,
    "isMatch": 1,
    "matchId": "030",
    "slogan": "只要充分相信自己，没有什么困难可以足够持久",
    "voteNum": 0
  },
  {
    "id": 58,
    "name": "郑三",
    "picture": "img/man.png",
    "phone": "14755633054",
    "sex": 0,
    "password": "4af22e23abcea2099da82741",
    "bio": "The greatest test of courage on earth is to bear defeat without losing heart",
    "time": 1506090072369,
    "isMatch": 0,
    "matchId": "000",
    "slogan": "",
    "voteNum": 0
  },
  {
    "id": 59,
    "name": "李二",
    "picture": "img/man.png",
    "phone": "17820638169",
    "sex": 0,
    "password": "4af22e23abcea2099da82741",
    "bio": "A mans best friends are his ten fingers",
    "time": 1506090072369,
    "isMatch": 1,
    "matchId": "031",
    "slogan": "只要你不认输，就有机会！",
    "voteNum": 0
  },
  {
    "id": 60,
    "name": "何五",
    "picture": "img/woman.png",
    "phone": "13228250155",
    "sex": 1,
    "password": "4af22e23abcea2099da82741",
    "bio": "A mans best friends are his ten fingers",
    "time": 1506090072369,
    "isMatch": 1,
    "matchId": "032",
    "slogan": "不要沉沦，在任何环境中你都可以选择奋起",
    "voteNum": 0
  },
  {
    "id": 61,
    "name": "尤四",
    "picture": "img/man.png",
    "phone": "17235201126",
    "sex": 0,
    "password": "4af22e23abcea2099da82741",
    "bio": "Live beautifully, dream passionately, love completely",
    "time": 1506090072369,
    "isMatch": 1,
    "matchId": "033",
    "slogan": "要培养各方面的能力，包括承受悲惨命运的能力",
    "voteNum": 0
  },
  {
    "id": 62,
    "name": "孔二",
    "picture": "img/woman.png",
    "phone": "14440465913",
    "sex": 1,
    "password": "4af22e23abcea2099da82741",
    "bio": "The greatest test of courage on earth is to bear defeat without losing heart",
    "time": 1506090072369,
    "isMatch": 1,
    "matchId": "034",
    "slogan": "要培养各方面的能力，包括承受悲惨命运的能力",
    "voteNum": 0
  },
  {
    "id": 63,
    "name": "杨八",
    "picture": "img/man.png",
    "phone": "11653450372",
    "sex": 0,
    "password": "4af22e23abcea2099da82741",
    "bio": "A mans best friends are his ten fingers",
    "time": 1506090072369,
    "isMatch": 1,
    "matchId": "035",
    "slogan": "你是唯一的，你是非常独特的，你就是你生命中的第一名",
    "voteNum": 0
  },
  {
    "id": 64,
    "name": "张五",
    "picture": "img/woman.png",
    "phone": "10332272679",
    "sex": 1,
    "password": "4af22e23abcea2099da82741",
    "bio": "Only they who fulfill their duties in everyday matters will fulfill them on  great occasions",
    "time": 1506090072369,
    "isMatch": 0,
    "matchId": "000",
    "slogan": "",
    "voteNum": 0
  },
  {
    "id": 65,
    "name": "赵四",
    "picture": "img/man.png",
    "phone": "16449184195",
    "sex": 0,
    "password": "4af22e23abcea2099da82741",
    "bio": "The greatest test of courage on earth is to bear defeat without losing heart",
    "time": 1506090072369,
    "isMatch": 1,
    "matchId": "036",
    "slogan": "要培养各方面的能力，包括承受悲惨命运的能力",
    "voteNum": 0
  },
  {
    "id": 66,
    "name": "魏九",
    "picture": "img/man.png",
    "phone": "17206777602",
    "sex": 0,
    "password": "4af22e23abcea2099da82741",
    "bio": "Live beautifully, dream passionately, love completely",
    "time": 1506090072369,
    "isMatch": 0,
    "matchId": "000",
    "slogan": "",
    "voteNum": 0
  },
  {
    "id": 67,
    "name": "朱六",
    "picture": "img/man.png",
    "phone": "16687774658",
    "sex": 0,
    "password": "4af22e23abcea2099da82741",
    "bio": "Only they who fulfill their duties in everyday matters will fulfill them on  great occasions",
    "time": 1506090072369,
    "isMatch": 1,
    "matchId": "037",
    "slogan": "只有收获，才能检验耕耘的意义；只有贡献，方可衡量人生的价值",
    "voteNum": 0
  },
  {
    "id": 68,
    "name": "朱七",
    "picture": "img/man.png",
    "phone": "15657323472",
    "sex": 0,
    "password": "4af22e23abcea2099da82741",
    "bio": "The greatest test of courage on earth is to bear defeat without losing heart",
    "time": 1506090072369,
    "isMatch": 1,
    "matchId": "038",
    "slogan": "不要沉沦，在任何环境中你都可以选择奋起",
    "voteNum": 0
  },
  {
    "id": 69,
    "name": "吕八",
    "picture": "img/man.png",
    "phone": "19241776041",
    "sex": 0,
    "password": "4af22e23abcea2099da82741",
    "bio": "The greatest test of courage on earth is to bear defeat without losing heart",
    "time": 1506090072369,
    "isMatch": 1,
    "matchId": "039",
    "slogan": "一个人只有投身于伟大的时代洪流中，他的生命才会闪耀出光彩",
    "voteNum": 0
  },
  {
    "id": 70,
    "name": "严三",
    "picture": "img/woman.png",
    "phone": "13615068775",
    "sex": 1,
    "password": "4af22e23abcea2099da82741",
    "bio": "The greatest test of courage on earth is to bear defeat without losing heart",
    "time": 1506090072369,
    "isMatch": 0,
    "matchId": "000",
    "slogan": "",
    "voteNum": 0
  },
  {
    "id": 71,
    "name": "施四",
    "picture": "img/man.png",
    "phone": "14675178392",
    "sex": 0,
    "password": "4af22e23abcea2099da82741",
    "bio": "A mans best friends are his ten fingers",
    "time": 1506090072369,
    "isMatch": 1,
    "matchId": "040",
    "slogan": "你是唯一的，你是非常独特的，你就是你生命中的第一名",
    "voteNum": 0
  },
  {
    "id": 72,
    "name": "朱四",
    "picture": "img/woman.png",
    "phone": "18739352875",
    "sex": 1,
    "password": "4af22e23abcea2099da82741",
    "bio": "Albert Einstein: Logic will get you from A to B. Imagination will take you everywhere",
    "time": 1506090072369,
    "isMatch": 1,
    "matchId": "041",
    "slogan": "一个人只有投身于伟大的时代洪流中，他的生命才会闪耀出光彩",
    "voteNum": 0
  },
  {
    "id": 73,
    "name": "吴七",
    "picture": "img/woman.png",
    "phone": "19716347893",
    "sex": 1,
    "password": "4af22e23abcea2099da82741",
    "bio": "The greatest test of courage on earth is to bear defeat without losing heart",
    "time": 1506090072369,
    "isMatch": 1,
    "matchId": "042",
    "slogan": "你是唯一的，你是非常独特的，你就是你生命中的第一名",
    "voteNum": 0
  },
  {
    "id": 74,
    "name": "赵八",
    "picture": "img/man.png",
    "phone": "13138613815",
    "sex": 0,
    "password": "4af22e23abcea2099da82741",
    "bio": "A mans best friends are his ten fingers",
    "time": 1506090072369,
    "isMatch": 1,
    "matchId": "043",
    "slogan": "你认为自己行就一定行，每天要不断向自己重复",
    "voteNum": 0
  },
  {
    "id": 75,
    "name": "许三",
    "picture": "img/man.png",
    "phone": "14632235431",
    "sex": 0,
    "password": "4af22e23abcea2099da82741",
    "bio": "A mans best friends are his ten fingers",
    "time": 1506090072369,
    "isMatch": 1,
    "matchId": "044",
    "slogan": "很多事情努力了未必有结果，但是不努力却什么改变也没有",
    "voteNum": 0
  },
  {
    "id": 76,
    "name": "卫五",
    "picture": "img/man.png",
    "phone": "11172237350",
    "sex": 0,
    "password": "4af22e23abcea2099da82741",
    "bio": "A mans best friends are his ten fingers",
    "time": 1506090072369,
    "isMatch": 1,
    "matchId": "045",
    "slogan": "不要沉沦，在任何环境中你都可以选择奋起",
    "voteNum": 0
  },
  {
    "id": 77,
    "name": "钱一",
    "picture": "img/woman.png",
    "phone": "16585357817",
    "sex": 1,
    "password": "4af22e23abcea2099da82741",
    "bio": "A mans best friends are his ten fingers",
    "time": 1506090072369,
    "isMatch": 1,
    "matchId": "046",
    "slogan": "要培养各方面的能力，包括承受悲惨命运的能力",
    "voteNum": 0
  },
  {
    "id": 78,
    "name": "杨九",
    "picture": "img/woman.png",
    "phone": "11193868838",
    "sex": 1,
    "password": "4af22e23abcea2099da82741",
    "bio": "The greatest test of courage on earth is to bear defeat without losing heart",
    "time": 1506090072369,
    "isMatch": 0,
    "matchId": "000",
    "slogan": "",
    "voteNum": 0
  },
  {
    "id": 79,
    "name": "陈六",
    "picture": "img/man.png",
    "phone": "17253635784",
    "sex": 0,
    "password": "4af22e23abcea2099da82741",
    "bio": "The greatest test of courage on earth is to bear defeat without losing heart",
    "time": 1506090072369,
    "isMatch": 0,
    "matchId": "000",
    "slogan": "",
    "voteNum": 0
  },
  {
    "id": 80,
    "name": "钱三",
    "picture": "img/woman.png",
    "phone": "14258845672",
    "sex": 1,
    "password": "4af22e23abcea2099da82741",
    "bio": "The greatest test of courage on earth is to bear defeat without losing heart",
    "time": 1506090072369,
    "isMatch": 0,
    "matchId": "000",
    "slogan": "",
    "voteNum": 0
  },
  {
    "id": 81,
    "name": "朱九",
    "picture": "img/woman.png",
    "phone": "15390012689",
    "sex": 1,
    "password": "4af22e23abcea2099da82741",
    "bio": "Albert Einstein: Logic will get you from A to B. Imagination will take you everywhere",
    "time": 1506090072369,
    "isMatch": 0,
    "matchId": "000",
    "slogan": "",
    "voteNum": 0
  },
  {
    "id": 82,
    "name": "周五",
    "picture": "img/man.png",
    "phone": "19222327719",
    "sex": 0,
    "password": "4af22e23abcea2099da82741",
    "bio": "Albert Einstein: Logic will get you from A to B. Imagination will take you everywhere",
    "time": 1506090072369,
    "isMatch": 0,
    "matchId": "000",
    "slogan": "",
    "voteNum": 0
  },
  {
    "id": 83,
    "name": "杨二",
    "picture": "img/woman.png",
    "phone": "16830161456",
    "sex": 1,
    "password": "4af22e23abcea2099da82741",
    "bio": "The greatest test of courage on earth is to bear defeat without losing heart",
    "time": 1506090072369,
    "isMatch": 1,
    "matchId": "047",
    "slogan": "你是唯一的，你是非常独特的，你就是你生命中的第一名",
    "voteNum": 0
  },
  {
    "id": 84,
    "name": "周五",
    "picture": "img/woman.png",
    "phone": "14017539763",
    "sex": 1,
    "password": "4af22e23abcea2099da82741",
    "bio": "The greatest test of courage on earth is to bear defeat without losing heart",
    "time": 1506090072369,
    "isMatch": 1,
    "matchId": "048",
    "slogan": "一个人只有投身于伟大的时代洪流中，他的生命才会闪耀出光彩",
    "voteNum": 0
  },
  {
    "id": 85,
    "name": "吕一",
    "picture": "img/woman.png",
    "phone": "18315544329",
    "sex": 1,
    "password": "4af22e23abcea2099da82741",
    "bio": "The greatest test of courage on earth is to bear defeat without losing heart",
    "time": 1506090072369,
    "isMatch": 1,
    "matchId": "049",
    "slogan": "要培养各方面的能力，包括承受悲惨命运的能力",
    "voteNum": 0
  },
  {
    "id": 86,
    "name": "郑七",
    "picture": "img/woman.png",
    "phone": "12166147377",
    "sex": 1,
    "password": "4af22e23abcea2099da82741",
    "bio": "The greatest test of courage on earth is to bear defeat without losing heart",
    "time": 1506090072369,
    "isMatch": 0,
    "matchId": "000",
    "slogan": "",
    "voteNum": 0
  },
  {
    "id": 87,
    "name": "曹六",
    "picture": "img/woman.png",
    "phone": "16306845339",
    "sex": 1,
    "password": "4af22e23abcea2099da82741",
    "bio": "The greatest test of courage on earth is to bear defeat without losing heart",
    "time": 1506090072369,
    "isMatch": 0,
    "matchId": "000",
    "slogan": "",
    "voteNum": 0
  },
  {
    "id": 88,
    "name": "魏九",
    "picture": "img/woman.png",
    "phone": "16743140491",
    "sex": 1,
    "password": "4af22e23abcea2099da82741",
    "bio": "A mans best friends are his ten fingers",
    "time": 1506090072369,
    "isMatch": 1,
    "matchId": "050",
    "slogan": "你认为自己行就一定行，每天要不断向自己重复",
    "voteNum": 0
  },
  {
    "id": 89,
    "name": "王四",
    "picture": "img/woman.png",
    "phone": "14605774776",
    "sex": 1,
    "password": "4af22e23abcea2099da82741",
    "bio": "A mans best friends are his ten fingers",
    "time": 1506090072369,
    "isMatch": 1,
    "matchId": "051",
    "slogan": "你是唯一的，你是非常独特的，你就是你生命中的第一名",
    "voteNum": 0
  },
  {
    "id": 90,
    "name": "何五",
    "picture": "img/man.png",
    "phone": "18630532235",
    "sex": 0,
    "password": "4af22e23abcea2099da82741",
    "bio": "Albert Einstein: Logic will get you from A to B. Imagination will take you everywhere",
    "time": 1506090072369,
    "isMatch": 1,
    "matchId": "052",
    "slogan": "不要沉沦，在任何环境中你都可以选择奋起",
    "voteNum": 0
  },
  {
    "id": 91,
    "name": "杨二",
    "picture": "img/woman.png",
    "phone": "17827016174",
    "sex": 1,
    "password": "4af22e23abcea2099da82741",
    "bio": "The greatest test of courage on earth is to bear defeat without losing heart",
    "time": 1506090072369,
    "isMatch": 1,
    "matchId": "053",
    "slogan": "不要沉沦，在任何环境中你都可以选择奋起",
    "voteNum": 0
  },
  {
    "id": 92,
    "name": "秦四",
    "picture": "img/man.png",
    "phone": "15687389871",
    "sex": 0,
    "password": "4af22e23abcea2099da82741",
    "bio": "The greatest test of courage on earth is to bear defeat without losing heart",
    "time": 1506090072369,
    "isMatch": 0,
    "matchId": "000",
    "slogan": "",
    "voteNum": 0
  },
  {
    "id": 93,
    "name": "王五",
    "picture": "img/woman.png",
    "phone": "11439865618",
    "sex": 1,
    "password": "4af22e23abcea2099da82741",
    "bio": "A mans best friends are his ten fingers",
    "time": 1506090072369,
    "isMatch": 1,
    "matchId": "054",
    "slogan": "只要充分相信自己，没有什么困难可以足够持久",
    "voteNum": 0
  },
  {
    "id": 94,
    "name": "郑一",
    "picture": "img/man.png",
    "phone": "18606239708",
    "sex": 0,
    "password": "4af22e23abcea2099da82741",
    "bio": "Only they who fulfill their duties in everyday matters will fulfill them on  great occasions",
    "time": 1506090072369,
    "isMatch": 0,
    "matchId": "000",
    "slogan": "",
    "voteNum": 0
  },
  {
    "id": 95,
    "name": "孔四",
    "picture": "img/man.png",
    "phone": "19895775981",
    "sex": 0,
    "password": "4af22e23abcea2099da82741",
    "bio": "A mans best friends are his ten fingers",
    "time": 1506090072369,
    "isMatch": 0,
    "matchId": "000",
    "slogan": "",
    "voteNum": 0
  },
  {
    "id": 96,
    "name": "朱四",
    "picture": "img/man.png",
    "phone": "14995545418",
    "sex": 0,
    "password": "4af22e23abcea2099da82741",
    "bio": "A mans best friends are his ten fingers",
    "time": 1506090072369,
    "isMatch": 0,
    "matchId": "000",
    "slogan": "",
    "voteNum": 0
  },
  {
    "id": 97,
    "name": "尤三",
    "picture": "img/man.png",
    "phone": "17702576681",
    "sex": 0,
    "password": "4af22e23abcea2099da82741",
    "bio": "The greatest test of courage on earth is to bear defeat without losing heart",
    "time": 1506090072369,
    "isMatch": 0,
    "matchId": "000",
    "slogan": "",
    "voteNum": 0
  },
  {
    "id": 98,
    "name": "严一",
    "picture": "img/woman.png",
    "phone": "12033119311",
    "sex": 1,
    "password": "4af22e23abcea2099da82741",
    "bio": "Live beautifully, dream passionately, love completely",
    "time": 1506090072369,
    "isMatch": 0,
    "matchId": "000",
    "slogan": "",
    "voteNum": 0
  },
  {
    "id": 99,
    "name": "唐七",
    "picture": "img/woman.png",
    "phone": "13528668071",
    "sex": 1,
    "password": "4af22e23abcea2099da82741",
    "bio": "A mans best friends are his ten fingers",
    "time": 1506090072369,
    "isMatch": 0,
    "matchId": "000",
    "slogan": "",
    "voteNum": 0
  },
  {
    "id": 100,
    "name": "许四",
    "picture": "img/man.png",
    "phone": "11875451174",
    "sex": 0,
    "password": "4af22e23abcea2099da82741",
    "bio": "A mans best friends are his ten fingers",
    "time": 1506090072369,
    "isMatch": 1,
    "matchId": "055",
    "slogan": "很多事情努力了未必有结果，但是不努力却什么改变也没有",
    "voteNum": 0
  },
  {
    "id": 101,
    "name": "楚一",
    "picture": "img/woman.png",
    "phone": "12686871673",
    "sex": 1,
    "password": "4af22e23abcea2099da82741",
    "bio": "Albert Einstein: Logic will get you from A to B. Imagination will take you everywhere",
    "time": 1506090072369,
    "isMatch": 0,
    "matchId": "000",
    "slogan": "",
    "voteNum": 0
  },
  {
    "id": 102,
    "name": "孔四",
    "picture": "img/woman.png",
    "phone": "13128202744",
    "sex": 1,
    "password": "4af22e23abcea2099da82741",
    "bio": "A mans best friends are his ten fingers",
    "time": 1506090072369,
    "isMatch": 1,
    "matchId": "056",
    "slogan": "只要你不认输，就有机会！",
    "voteNum": 0
  },
  {
    "id": 103,
    "name": "韩七",
    "picture": "img/woman.png",
    "phone": "13818721057",
    "sex": 1,
    "password": "4af22e23abcea2099da82741",
    "bio": "Only they who fulfill their duties in everyday matters will fulfill them on  great occasions",
    "time": 1506090072369,
    "isMatch": 1,
    "matchId": "057",
    "slogan": "只要充分相信自己，没有什么困难可以足够持久",
    "voteNum": 0
  },
  {
    "id": 104,
    "name": "韩七",
    "picture": "img/man.png",
    "phone": "14806575672",
    "sex": 0,
    "password": "4af22e23abcea2099da82741",
    "bio": "The greatest test of courage on earth is to bear defeat without losing heart",
    "time": 1506090072369,
    "isMatch": 1,
    "matchId": "058",
    "slogan": "只要你不认输，就有机会！",
    "voteNum": 0
  },
  {
    "id": 105,
    "name": "唐二",
    "picture": "img/woman.png",
    "phone": "16770474552",
    "sex": 1,
    "password": "4af22e23abcea2099da82741",
    "bio": "Albert Einstein: Logic will get you from A to B. Imagination will take you everywhere",
    "time": 1506090072369,
    "isMatch": 0,
    "matchId": "000",
    "slogan": "",
    "voteNum": 0
  },
  {
    "id": 106,
    "name": "金五",
    "picture": "img/man.png",
    "phone": "13850375617",
    "sex": 0,
    "password": "4af22e23abcea2099da82741",
    "bio": "The greatest test of courage on earth is to bear defeat without losing heart",
    "time": 1506090072369,
    "isMatch": 1,
    "matchId": "059",
    "slogan": "留一片空白，随时浓墨重彩",
    "voteNum": 0
  },
  {
    "id": 107,
    "name": "曹八",
    "picture": "img/man.png",
    "phone": "14446152065",
    "sex": 0,
    "password": "4af22e23abcea2099da82741",
    "bio": "Only they who fulfill their duties in everyday matters will fulfill them on  great occasions",
    "time": 1506090072369,
    "isMatch": 1,
    "matchId": "060",
    "slogan": "很多事情努力了未必有结果，但是不努力却什么改变也没有",
    "voteNum": 0
  },
  {
    "id": 108,
    "name": "孔七",
    "picture": "img/woman.png",
    "phone": "18415731128",
    "sex": 1,
    "password": "4af22e23abcea2099da82741",
    "bio": "A mans best friends are his ten fingers",
    "time": 1506090072369,
    "isMatch": 0,
    "matchId": "000",
    "slogan": "",
    "voteNum": 0
  },
  {
    "id": 109,
    "name": "冯六",
    "picture": "img/man.png",
    "phone": "19526204363",
    "sex": 0,
    "password": "4af22e23abcea2099da82741",
    "bio": "Only they who fulfill their duties in everyday matters will fulfill them on  great occasions",
    "time": 1506090072369,
    "isMatch": 0,
    "matchId": "000",
    "slogan": "",
    "voteNum": 0
  },
  {
    "id": 110,
    "name": "孔三",
    "picture": "img/man.png",
    "phone": "10758226613",
    "sex": 0,
    "password": "4af22e23abcea2099da82741",
    "bio": "Albert Einstein: Logic will get you from A to B. Imagination will take you everywhere",
    "time": 1506090072369,
    "isMatch": 1,
    "matchId": "061",
    "slogan": "只要充分相信自己，没有什么困难可以足够持久",
    "voteNum": 0
  },
  {
    "id": 111,
    "name": "秦七",
    "picture": "img/woman.png",
    "phone": "18526826550",
    "sex": 1,
    "password": "4af22e23abcea2099da82741",
    "bio": "The greatest test of courage on earth is to bear defeat without losing heart",
    "time": 1506090072369,
    "isMatch": 0,
    "matchId": "000",
    "slogan": "",
    "voteNum": 0
  },
  {
    "id": 112,
    "name": "周二",
    "picture": "img/man.png",
    "phone": "17238298812",
    "sex": 0,
    "password": "4af22e23abcea2099da82741",
    "bio": "The greatest test of courage on earth is to bear defeat without losing heart",
    "time": 1506090072369,
    "isMatch": 1,
    "matchId": "062",
    "slogan": "留一片空白，随时浓墨重彩",
    "voteNum": 0
  },
  {
    "id": 113,
    "name": "华五",
    "picture": "img/man.png",
    "phone": "11436296464",
    "sex": 0,
    "password": "4af22e23abcea2099da82741",
    "bio": "A mans best friends are his ten fingers",
    "time": 1506090072369,
    "isMatch": 0,
    "matchId": "000",
    "slogan": "",
    "voteNum": 0
  },
  {
    "id": 114,
    "name": "尤二",
    "picture": "img/man.png",
    "phone": "17147236246",
    "sex": 0,
    "password": "4af22e23abcea2099da82741",
    "bio": "Live beautifully, dream passionately, love completely",
    "time": 1506090072369,
    "isMatch": 1,
    "matchId": "063",
    "slogan": "留一片空白，随时浓墨重彩",
    "voteNum": 0
  },
  {
    "id": 115,
    "name": "唐六",
    "picture": "img/woman.png",
    "phone": "13453578828",
    "sex": 1,
    "password": "4af22e23abcea2099da82741",
    "bio": "A mans best friends are his ten fingers",
    "time": 1506090072369,
    "isMatch": 1,
    "matchId": "064",
    "slogan": "一个人只有投身于伟大的时代洪流中，他的生命才会闪耀出光彩",
    "voteNum": 0
  },
  {
    "id": 116,
    "name": "孙七",
    "picture": "img/woman.png",
    "phone": "14616543726",
    "sex": 1,
    "password": "4af22e23abcea2099da82741",
    "bio": "Live beautifully, dream passionately, love completely",
    "time": 1506090072369,
    "isMatch": 0,
    "matchId": "000",
    "slogan": "",
    "voteNum": 0
  },
  {
    "id": 117,
    "name": "秦八",
    "picture": "img/woman.png",
    "phone": "17424636623",
    "sex": 1,
    "password": "4af22e23abcea2099da82741",
    "bio": "Live beautifully, dream passionately, love completely",
    "time": 1506090072369,
    "isMatch": 1,
    "matchId": "065",
    "slogan": "只要充分相信自己，没有什么困难可以足够持久",
    "voteNum": 0
  },
  {
    "id": 118,
    "name": "尤八",
    "picture": "img/woman.png",
    "phone": "11892367914",
    "sex": 1,
    "password": "4af22e23abcea2099da82741",
    "bio": "The greatest test of courage on earth is to bear defeat without losing heart",
    "time": 1506090072369,
    "isMatch": 1,
    "matchId": "066",
    "slogan": "不要沉沦，在任何环境中你都可以选择奋起",
    "voteNum": 0
  },
  {
    "id": 119,
    "name": "卫七",
    "picture": "img/woman.png",
    "phone": "18336078136",
    "sex": 1,
    "password": "4af22e23abcea2099da82741",
    "bio": "Live beautifully, dream passionately, love completely",
    "time": 1506090072369,
    "isMatch": 0,
    "matchId": "000",
    "slogan": "",
    "voteNum": 0
  },
  {
    "id": 120,
    "name": "沈七",
    "picture": "img/man.png",
    "phone": "18544811661",
    "sex": 0,
    "password": "4af22e23abcea2099da82741",
    "bio": "Albert Einstein: Logic will get you from A to B. Imagination will take you everywhere",
    "time": 1506090072369,
    "isMatch": 1,
    "matchId": "067",
    "slogan": "你是唯一的，你是非常独特的，你就是你生命中的第一名",
    "voteNum": 0
  },
  {
    "id": 121,
    "name": "何八",
    "picture": "img/woman.png",
    "phone": "18626356723",
    "sex": 1,
    "password": "4af22e23abcea2099da82741",
    "bio": "Live beautifully, dream passionately, love completely",
    "time": 1506090072369,
    "isMatch": 1,
    "matchId": "068",
    "slogan": "很多事情努力了未必有结果，但是不努力却什么改变也没有",
    "voteNum": 0
  },
  {
    "id": 122,
    "name": "王八",
    "picture": "img/woman.png",
    "phone": "13601613324",
    "sex": 1,
    "password": "4af22e23abcea2099da82741",
    "bio": "Live beautifully, dream passionately, love completely",
    "time": 1506090072369,
    "isMatch": 1,
    "matchId": "069",
    "slogan": "只要你不认输，就有机会！",
    "voteNum": 0
  },
  {
    "id": 123,
    "name": "楚三",
    "picture": "img/man.png",
    "phone": "15157483927",
    "sex": 0,
    "password": "4af22e23abcea2099da82741",
    "bio": "A mans best friends are his ten fingers",
    "time": 1506090072369,
    "isMatch": 0,
    "matchId": "000",
    "slogan": "",
    "voteNum": 0
  },
  {
    "id": 124,
    "name": "吕一",
    "picture": "img/man.png",
    "phone": "12635237813",
    "sex": 0,
    "password": "4af22e23abcea2099da82741",
    "bio": "The greatest test of courage on earth is to bear defeat without losing heart",
    "time": 1506090072369,
    "isMatch": 1,
    "matchId": "070",
    "slogan": "只要充分相信自己，没有什么困难可以足够持久",
    "voteNum": 0
  },
  {
    "id": 125,
    "name": "施五",
    "picture": "img/man.png",
    "phone": "11938526476",
    "sex": 0,
    "password": "4af22e23abcea2099da82741",
    "bio": "A mans best friends are his ten fingers",
    "time": 1506090072369,
    "isMatch": 1,
    "matchId": "071",
    "slogan": "只要你不认输，就有机会！",
    "voteNum": 0
  },
  {
    "id": 126,
    "name": "唐五",
    "picture": "img/man.png",
    "phone": "13226286332",
    "sex": 0,
    "password": "4af22e23abcea2099da82741",
    "bio": "Albert Einstein: Logic will get you from A to B. Imagination will take you everywhere",
    "time": 1506090072369,
    "isMatch": 0,
    "matchId": "000",
    "slogan": "",
    "voteNum": 0
  },
  {
    "id": 127,
    "name": "郑六",
    "picture": "img/woman.png",
    "phone": "19806216980",
    "sex": 1,
    "password": "4af22e23abcea2099da82741",
    "bio": "Only they who fulfill their duties in everyday matters will fulfill them on  great occasions",
    "time": 1506090072369,
    "isMatch": 0,
    "matchId": "000",
    "slogan": "",
    "voteNum": 0
  },
  {
    "id": 128,
    "name": "楚六",
    "picture": "img/man.png",
    "phone": "17236282433",
    "sex": 0,
    "password": "4af22e23abcea2099da82741",
    "bio": "Live beautifully, dream passionately, love completely",
    "time": 1506090072369,
    "isMatch": 0,
    "matchId": "000",
    "slogan": "",
    "voteNum": 0
  },
  {
    "id": 129,
    "name": "魏二",
    "picture": "img/man.png",
    "phone": "16342507195",
    "sex": 0,
    "password": "4af22e23abcea2099da82741",
    "bio": "A mans best friends are his ten fingers",
    "time": 1506090072369,
    "isMatch": 1,
    "matchId": "072",
    "slogan": "要培养各方面的能力，包括承受悲惨命运的能力",
    "voteNum": 0
  },
  {
    "id": 130,
    "name": "张七",
    "picture": "img/woman.png",
    "phone": "15742028351",
    "sex": 1,
    "password": "4af22e23abcea2099da82741",
    "bio": "Albert Einstein: Logic will get you from A to B. Imagination will take you everywhere",
    "time": 1506090072369,
    "isMatch": 0,
    "matchId": "000",
    "slogan": "",
    "voteNum": 0
  },
  {
    "id": 131,
    "name": "唐四",
    "picture": "img/woman.png",
    "phone": "15348655764",
    "sex": 1,
    "password": "4af22e23abcea2099da82741",
    "bio": "Only they who fulfill their duties in everyday matters will fulfill them on  great occasions",
    "time": 1506090072369,
    "isMatch": 1,
    "matchId": "073",
    "slogan": "只要你不认输，就有机会！",
    "voteNum": 0
  },
  {
    "id": 132,
    "name": "李二",
    "picture": "img/woman.png",
    "phone": "13886372991",
    "sex": 1,
    "password": "4af22e23abcea2099da82741",
    "bio": "A mans best friends are his ten fingers",
    "time": 1506090072369,
    "isMatch": 0,
    "matchId": "000",
    "slogan": "",
    "voteNum": 0
  },
  {
    "id": 133,
    "name": "周二",
    "picture": "img/man.png",
    "phone": "11748662032",
    "sex": 0,
    "password": "4af22e23abcea2099da82741",
    "bio": "Albert Einstein: Logic will get you from A to B. Imagination will take you everywhere",
    "time": 1506090072369,
    "isMatch": 0,
    "matchId": "000",
    "slogan": "",
    "voteNum": 0
  },
  {
    "id": 134,
    "name": "李八",
    "picture": "img/man.png",
    "phone": "11850772616",
    "sex": 0,
    "password": "4af22e23abcea2099da82741",
    "bio": "Albert Einstein: Logic will get you from A to B. Imagination will take you everywhere",
    "time": 1506090072369,
    "isMatch": 0,
    "matchId": "000",
    "slogan": "",
    "voteNum": 0
  },
  {
    "id": 135,
    "name": "施九",
    "picture": "img/man.png",
    "phone": "18384344445",
    "sex": 0,
    "password": "4af22e23abcea2099da82741",
    "bio": "Albert Einstein: Logic will get you from A to B. Imagination will take you everywhere",
    "time": 1506090072369,
    "isMatch": 1,
    "matchId": "074",
    "slogan": "留一片空白，随时浓墨重彩",
    "voteNum": 0
  },
  {
    "id": 136,
    "name": "陈三",
    "picture": "img/man.png",
    "phone": "12411527356",
    "sex": 0,
    "password": "4af22e23abcea2099da82741",
    "bio": "Only they who fulfill their duties in everyday matters will fulfill them on  great occasions",
    "time": 1506090072369,
    "isMatch": 1,
    "matchId": "075",
    "slogan": "一个人只有投身于伟大的时代洪流中，他的生命才会闪耀出光彩",
    "voteNum": 0
  },
  {
    "id": 137,
    "name": "沈一",
    "picture": "img/woman.png",
    "phone": "18211045683",
    "sex": 1,
    "password": "4af22e23abcea2099da82741",
    "bio": "Live beautifully, dream passionately, love completely",
    "time": 1506090072369,
    "isMatch": 1,
    "matchId": "076",
    "slogan": "你是唯一的，你是非常独特的，你就是你生命中的第一名",
    "voteNum": 0
  },
  {
    "id": 138,
    "name": "楚一",
    "picture": "img/woman.png",
    "phone": "13234315840",
    "sex": 1,
    "password": "4af22e23abcea2099da82741",
    "bio": "The greatest test of courage on earth is to bear defeat without losing heart",
    "time": 1506090072369,
    "isMatch": 1,
    "matchId": "077",
    "slogan": "不要沉沦，在任何环境中你都可以选择奋起",
    "voteNum": 0
  },
  {
    "id": 139,
    "name": "钱五",
    "picture": "img/woman.png",
    "phone": "15128771427",
    "sex": 1,
    "password": "4af22e23abcea2099da82741",
    "bio": "A mans best friends are his ten fingers",
    "time": 1506090072369,
    "isMatch": 0,
    "matchId": "000",
    "slogan": "",
    "voteNum": 0
  },
  {
    "id": 140,
    "name": "朱八",
    "picture": "img/woman.png",
    "phone": "18658662671",
    "sex": 1,
    "password": "4af22e23abcea2099da82741",
    "bio": "Live beautifully, dream passionately, love completely",
    "time": 1506090072369,
    "isMatch": 0,
    "matchId": "000",
    "slogan": "",
    "voteNum": 0
  },
  {
    "id": 141,
    "name": "曹四",
    "picture": "img/man.png",
    "phone": "17177175028",
    "sex": 0,
    "password": "4af22e23abcea2099da82741",
    "bio": "Only they who fulfill their duties in everyday matters will fulfill them on  great occasions",
    "time": 1506090072369,
    "isMatch": 0,
    "matchId": "000",
    "slogan": "",
    "voteNum": 0
  },
  {
    "id": 142,
    "name": "朱四",
    "picture": "img/man.png",
    "phone": "11278465777",
    "sex": 0,
    "password": "4af22e23abcea2099da82741",
    "bio": "Only they who fulfill their duties in everyday matters will fulfill them on  great occasions",
    "time": 1506090072369,
    "isMatch": 0,
    "matchId": "000",
    "slogan": "",
    "voteNum": 0
  },
  {
    "id": 143,
    "name": "孙四",
    "picture": "img/woman.png",
    "phone": "14154561656",
    "sex": 1,
    "password": "4af22e23abcea2099da82741",
    "bio": "A mans best friends are his ten fingers",
    "time": 1506090072369,
    "isMatch": 1,
    "matchId": "078",
    "slogan": "一个人只有投身于伟大的时代洪流中，他的生命才会闪耀出光彩",
    "voteNum": 0
  },
  {
    "id": 144,
    "name": "赵八",
    "picture": "img/man.png",
    "phone": "18581375572",
    "sex": 0,
    "password": "4af22e23abcea2099da82741",
    "bio": "Albert Einstein: Logic will get you from A to B. Imagination will take you everywhere",
    "time": 1506090072369,
    "isMatch": 1,
    "matchId": "079",
    "slogan": "要培养各方面的能力，包括承受悲惨命运的能力",
    "voteNum": 0
  },
  {
    "id": 145,
    "name": "何二",
    "picture": "img/man.png",
    "phone": "11303357820",
    "sex": 0,
    "password": "4af22e23abcea2099da82741",
    "bio": "Only they who fulfill their duties in everyday matters will fulfill them on  great occasions",
    "time": 1506090072369,
    "isMatch": 1,
    "matchId": "080",
    "slogan": "不要沉沦，在任何环境中你都可以选择奋起",
    "voteNum": 0
  },
  {
    "id": 146,
    "name": "楚六",
    "picture": "img/woman.png",
    "phone": "18543346143",
    "sex": 1,
    "password": "4af22e23abcea2099da82741",
    "bio": "Only they who fulfill their duties in everyday matters will fulfill them on  great occasions",
    "time": 1506090072369,
    "isMatch": 1,
    "matchId": "081",
    "slogan": "不要沉沦，在任何环境中你都可以选择奋起",
    "voteNum": 0
  },
  {
    "id": 147,
    "name": "严六",
    "picture": "img/woman.png",
    "phone": "17296815572",
    "sex": 1,
    "password": "4af22e23abcea2099da82741",
    "bio": "Live beautifully, dream passionately, love completely",
    "time": 1506090072369,
    "isMatch": 1,
    "matchId": "082",
    "slogan": "你是唯一的，你是非常独特的，你就是你生命中的第一名",
    "voteNum": 0
  },
  {
    "id": 148,
    "name": "何七",
    "picture": "img/man.png",
    "phone": "13016156277",
    "sex": 0,
    "password": "4af22e23abcea2099da82741",
    "bio": "The greatest test of courage on earth is to bear defeat without losing heart",
    "time": 1506090072369,
    "isMatch": 1,
    "matchId": "083",
    "slogan": "不要沉沦，在任何环境中你都可以选择奋起",
    "voteNum": 0
  },
  {
    "id": 149,
    "name": "沈三",
    "picture": "img/woman.png",
    "phone": "19370236647",
    "sex": 1,
    "password": "4af22e23abcea2099da82741",
    "bio": "The greatest test of courage on earth is to bear defeat without losing heart",
    "time": 1506090072369,
    "isMatch": 1,
    "matchId": "084",
    "slogan": "留一片空白，随时浓墨重彩",
    "voteNum": 0
  },
  {
    "id": 150,
    "name": "楚六",
    "picture": "img/woman.png",
    "phone": "10936055532",
    "sex": 1,
    "password": "4af22e23abcea2099da82741",
    "bio": "Albert Einstein: Logic will get you from A to B. Imagination will take you everywhere",
    "time": 1506090072369,
    "isMatch": 1,
    "matchId": "085",
    "slogan": "只要你不认输，就有机会！",
    "voteNum": 0
  },
  {
    "id": 151,
    "name": "张二",
    "picture": "img/man.png",
    "phone": "13479207593",
    "sex": 0,
    "password": "4af22e23abcea2099da82741",
    "bio": "A mans best friends are his ten fingers",
    "time": 1506090072369,
    "isMatch": 0,
    "matchId": "000",
    "slogan": "",
    "voteNum": 0
  },
  {
    "id": 152,
    "name": "张五",
    "picture": "img/woman.png",
    "phone": "16597579836",
    "sex": 1,
    "password": "4af22e23abcea2099da82741",
    "bio": "The greatest test of courage on earth is to bear defeat without losing heart",
    "time": 1506090072369,
    "isMatch": 0,
    "matchId": "000",
    "slogan": "",
    "voteNum": 0
  },
  {
    "id": 153,
    "name": "沈一",
    "picture": "img/woman.png",
    "phone": "11612703432",
    "sex": 1,
    "password": "4af22e23abcea2099da82741",
    "bio": "A mans best friends are his ten fingers",
    "time": 1506090072369,
    "isMatch": 0,
    "matchId": "000",
    "slogan": "",
    "voteNum": 0
  },
  {
    "id": 154,
    "name": "朱三",
    "picture": "img/woman.png",
    "phone": "11736351528",
    "sex": 1,
    "password": "4af22e23abcea2099da82741",
    "bio": "The greatest test of courage on earth is to bear defeat without losing heart",
    "time": 1506090072369,
    "isMatch": 0,
    "matchId": "000",
    "slogan": "",
    "voteNum": 0
  },
  {
    "id": 155,
    "name": "华八",
    "picture": "img/woman.png",
    "phone": "10113516139",
    "sex": 1,
    "password": "4af22e23abcea2099da82741",
    "bio": "A mans best friends are his ten fingers",
    "time": 1506090072369,
    "isMatch": 1,
    "matchId": "086",
    "slogan": "一个人只有投身于伟大的时代洪流中，他的生命才会闪耀出光彩",
    "voteNum": 0
  },
  {
    "id": 156,
    "name": "楚五",
    "picture": "img/man.png",
    "phone": "12080363116",
    "sex": 0,
    "password": "4af22e23abcea2099da82741",
    "bio": "The greatest test of courage on earth is to bear defeat without losing heart",
    "time": 1506090072369,
    "isMatch": 1,
    "matchId": "087",
    "slogan": "只有收获，才能检验耕耘的意义；只有贡献，方可衡量人生的价值",
    "voteNum": 0
  },
  {
    "id": 157,
    "name": "施三",
    "picture": "img/woman.png",
    "phone": "18576841987",
    "sex": 1,
    "password": "4af22e23abcea2099da82741",
    "bio": "Only they who fulfill their duties in everyday matters will fulfill them on  great occasions",
    "time": 1506090072369,
    "isMatch": 1,
    "matchId": "088",
    "slogan": "很多事情努力了未必有结果，但是不努力却什么改变也没有",
    "voteNum": 0
  },
  {
    "id": 158,
    "name": "陈一",
    "picture": "img/man.png",
    "phone": "15821475877",
    "sex": 0,
    "password": "4af22e23abcea2099da82741",
    "bio": "Albert Einstein: Logic will get you from A to B. Imagination will take you everywhere",
    "time": 1506090072369,
    "isMatch": 1,
    "matchId": "089",
    "slogan": "你认为自己行就一定行，每天要不断向自己重复",
    "voteNum": 0
  },
  {
    "id": 159,
    "name": "吕三",
    "picture": "img/man.png",
    "phone": "18625958345",
    "sex": 0,
    "password": "4af22e23abcea2099da82741",
    "bio": "A mans best friends are his ten fingers",
    "time": 1506090072369,
    "isMatch": 1,
    "matchId": "090",
    "slogan": "一个人只有投身于伟大的时代洪流中，他的生命才会闪耀出光彩",
    "voteNum": 0
  },
  {
    "id": 160,
    "name": "冯八",
    "picture": "img/man.png",
    "phone": "12136858051",
    "sex": 0,
    "password": "4af22e23abcea2099da82741",
    "bio": "Live beautifully, dream passionately, love completely",
    "time": 1506090072369,
    "isMatch": 1,
    "matchId": "091",
    "slogan": "要培养各方面的能力，包括承受悲惨命运的能力",
    "voteNum": 0
  },
  {
    "id": 161,
    "name": "秦三",
    "picture": "img/man.png",
    "phone": "11771924493",
    "sex": 0,
    "password": "4af22e23abcea2099da82741",
    "bio": "The greatest test of courage on earth is to bear defeat without losing heart",
    "time": 1506090072369,
    "isMatch": 0,
    "matchId": "000",
    "slogan": "",
    "voteNum": 0
  },
  {
    "id": 162,
    "name": "周五",
    "picture": "img/man.png",
    "phone": "14275136367",
    "sex": 0,
    "password": "4af22e23abcea2099da82741",
    "bio": "Live beautifully, dream passionately, love completely",
    "time": 1506090072369,
    "isMatch": 1,
    "matchId": "092",
    "slogan": "留一片空白，随时浓墨重彩",
    "voteNum": 0
  },
  {
    "id": 163,
    "name": "朱二",
    "picture": "img/man.png",
    "phone": "13275715210",
    "sex": 0,
    "password": "4af22e23abcea2099da82741",
    "bio": "The greatest test of courage on earth is to bear defeat without losing heart",
    "time": 1506090072369,
    "isMatch": 1,
    "matchId": "093",
    "slogan": "一个人只有投身于伟大的时代洪流中，他的生命才会闪耀出光彩",
    "voteNum": 0
  },
  {
    "id": 164,
    "name": "华三",
    "picture": "img/woman.png",
    "phone": "17277728087",
    "sex": 1,
    "password": "4af22e23abcea2099da82741",
    "bio": "A mans best friends are his ten fingers",
    "time": 1506090072369,
    "isMatch": 0,
    "matchId": "000",
    "slogan": "",
    "voteNum": 0
  },
  {
    "id": 165,
    "name": "周五",
    "picture": "img/woman.png",
    "phone": "14339647167",
    "sex": 1,
    "password": "4af22e23abcea2099da82741",
    "bio": "A mans best friends are his ten fingers",
    "time": 1506090072369,
    "isMatch": 1,
    "matchId": "094",
    "slogan": "你认为自己行就一定行，每天要不断向自己重复",
    "voteNum": 0
  },
  {
    "id": 166,
    "name": "周六",
    "picture": "img/woman.png",
    "phone": "13107572015",
    "sex": 1,
    "password": "4af22e23abcea2099da82741",
    "bio": "Live beautifully, dream passionately, love completely",
    "time": 1506090072369,
    "isMatch": 0,
    "matchId": "000",
    "slogan": "",
    "voteNum": 0
  },
  {
    "id": 167,
    "name": "何二",
    "picture": "img/man.png",
    "phone": "14673854466",
    "sex": 0,
    "password": "4af22e23abcea2099da82741",
    "bio": "Live beautifully, dream passionately, love completely",
    "time": 1506090072369,
    "isMatch": 0,
    "matchId": "000",
    "slogan": "",
    "voteNum": 0
  },
  {
    "id": 168,
    "name": "冯六",
    "picture": "img/woman.png",
    "phone": "13751289766",
    "sex": 1,
    "password": "4af22e23abcea2099da82741",
    "bio": "The greatest test of courage on earth is to bear defeat without losing heart",
    "time": 1506090072369,
    "isMatch": 1,
    "matchId": "095",
    "slogan": "只要充分相信自己，没有什么困难可以足够持久",
    "voteNum": 1
  },
  {
    "id": 169,
    "name": "楚五",
    "picture": "img/woman.png",
    "phone": "10947471278",
    "sex": 1,
    "password": "4af22e23abcea2099da82741",
    "bio": "Albert Einstein: Logic will get you from A to B. Imagination will take you everywhere",
    "time": 1506090072369,
    "isMatch": 1,
    "matchId": "096",
    "slogan": "一个人只有投身于伟大的时代洪流中，他的生命才会闪耀出光彩",
    "voteNum": 0
  },
  {
    "id": 170,
    "name": "金六",
    "picture": "img/woman.png",
    "phone": "14486564456",
    "sex": 1,
    "password": "4af22e23abcea2099da82741",
    "bio": "The greatest test of courage on earth is to bear defeat without losing heart",
    "time": 1506090072369,
    "isMatch": 1,
    "matchId": "097",
    "slogan": "只要充分相信自己，没有什么困难可以足够持久",
    "voteNum": 1
  },
  {
    "id": 171,
    "name": "杨八",
    "picture": "img/woman.png",
    "phone": "14658416487",
    "sex": 1,
    "password": "4af22e23abcea2099da82741",
    "bio": "Albert Einstein: Logic will get you from A to B. Imagination will take you everywhere",
    "time": 1506090072369,
    "isMatch": 1,
    "matchId": "098",
    "slogan": "你是唯一的，你是非常独特的，你就是你生命中的第一名",
    "voteNum": 0
  },
  {
    "id": 172,
    "name": "陈二",
    "picture": "img/woman.png",
    "phone": "11465836188",
    "sex": 1,
    "password": "4af22e23abcea2099da82741",
    "bio": "Albert Einstein: Logic will get you from A to B. Imagination will take you everywhere",
    "time": 1506090072369,
    "isMatch": 0,
    "matchId": "000",
    "slogan": "",
    "voteNum": 0
  },
  {
    "id": 173,
    "name": "张四",
    "picture": "img/woman.png",
    "phone": "16634662848",
    "sex": 1,
    "password": "4af22e23abcea2099da82741",
    "bio": "Live beautifully, dream passionately, love completely",
    "time": 1506090072369,
    "isMatch": 0,
    "matchId": "000",
    "slogan": "",
    "voteNum": 0
  },
  {
    "id": 174,
    "name": "华二",
    "picture": "img/man.png",
    "phone": "18377841166",
    "sex": 0,
    "password": "4af22e23abcea2099da82741",
    "bio": "A mans best friends are his ten fingers",
    "time": 1506090072369,
    "isMatch": 0,
    "matchId": "000",
    "slogan": "",
    "voteNum": 0
  },
  {
    "id": 175,
    "name": "唐四",
    "picture": "img/woman.png",
    "phone": "12856020673",
    "sex": 1,
    "password": "4af22e23abcea2099da82741",
    "bio": "The greatest test of courage on earth is to bear defeat without losing heart",
    "time": 1506090072369,
    "isMatch": 0,
    "matchId": "000",
    "slogan": "",
    "voteNum": 0
  },
  {
    "id": 176,
    "name": "李七",
    "picture": "img/woman.png",
    "phone": "15883730615",
    "sex": 1,
    "password": "4af22e23abcea2099da82741",
    "bio": "A mans best friends are his ten fingers",
    "time": 1506090072369,
    "isMatch": 1,
    "matchId": "099",
    "slogan": "只有收获，才能检验耕耘的意义；只有贡献，方可衡量人生的价值",
    "voteNum": 1
  },
  {
    "id": 177,
    "name": "冯六",
    "picture": "img/woman.png",
    "phone": "16664225138",
    "sex": 1,
    "password": "4af22e23abcea2099da82741",
    "bio": "The greatest test of courage on earth is to bear defeat without losing heart",
    "time": 1506090072369,
    "isMatch": 0,
    "matchId": "000",
    "slogan": "",
    "voteNum": 0
  },
  {
    "id": 178,
    "name": "金一",
    "picture": "img/woman.png",
    "phone": "10274333982",
    "sex": 1,
    "password": "4af22e23abcea2099da82741",
    "bio": "The greatest test of courage on earth is to bear defeat without losing heart",
    "time": 1506090072369,
    "isMatch": 1,
    "matchId": "100",
    "slogan": "一个人只有投身于伟大的时代洪流中，他的生命才会闪耀出光彩",
    "voteNum": 1
  },
  {
    "id": 179,
    "name": "沈二",
    "picture": "img/woman.png",
    "phone": "10673285647",
    "sex": 1,
    "password": "4af22e23abcea2099da82741",
    "bio": "Live beautifully, dream passionately, love completely",
    "time": 1506090072369,
    "isMatch": 0,
    "matchId": "000",
    "slogan": "",
    "voteNum": 0
  },
  {
    "id": 180,
    "name": "何四",
    "picture": "img/woman.png",
    "phone": "15312968844",
    "sex": 1,
    "password": "4af22e23abcea2099da82741",
    "bio": "A mans best friends are his ten fingers",
    "time": 1506090072369,
    "isMatch": 0,
    "matchId": "000",
    "slogan": "",
    "voteNum": 0
  },
  {
    "id": 181,
    "name": "华七",
    "picture": "img/woman.png",
    "phone": "17192741467",
    "sex": 1,
    "password": "4af22e23abcea2099da82741",
    "bio": "Only they who fulfill their duties in everyday matters will fulfill them on  great occasions",
    "time": 1506090072369,
    "isMatch": 1,
    "matchId": "101",
    "slogan": "要培养各方面的能力，包括承受悲惨命运的能力",
    "voteNum": 1
  },
  {
    "id": 182,
    "name": "钱八",
    "picture": "img/man.png",
    "phone": "13311238492",
    "sex": 0,
    "password": "4af22e23abcea2099da82741",
    "bio": "Live beautifully, dream passionately, love completely",
    "time": 1506090072369,
    "isMatch": 0,
    "matchId": "000",
    "slogan": "",
    "voteNum": 0
  },
  {
    "id": 183,
    "name": "杨二",
    "picture": "img/man.png",
    "phone": "10347742118",
    "sex": 0,
    "password": "4af22e23abcea2099da82741",
    "bio": "The greatest test of courage on earth is to bear defeat without losing heart",
    "time": 1506090072369,
    "isMatch": 1,
    "matchId": "102",
    "slogan": "你认为自己行就一定行，每天要不断向自己重复",
    "voteNum": 1
  },
  {
    "id": 184,
    "name": "孔三",
    "picture": "img/man.png",
    "phone": "17752840835",
    "sex": 0,
    "password": "4af22e23abcea2099da82741",
    "bio": "Only they who fulfill their duties in everyday matters will fulfill them on  great occasions",
    "time": 1506090072369,
    "isMatch": 1,
    "matchId": "103",
    "slogan": "留一片空白，随时浓墨重彩",
    "voteNum": 1
  },
  {
    "id": 185,
    "name": "江五",
    "picture": "img/woman.png",
    "phone": "16937740460",
    "sex": 1,
    "password": "4af22e23abcea2099da82741",
    "bio": "The greatest test of courage on earth is to bear defeat without losing heart",
    "time": 1506090072369,
    "isMatch": 0,
    "matchId": "000",
    "slogan": "",
    "voteNum": 0
  },
  {
    "id": 186,
    "name": "周啸天",
    "picture": "img/man.png",
    "phone": "18310612838",
    "sex": "0",
    "password": "8376ac810bb9f231d28fcf1f",
    "bio": "good+good+study,day+day+up!",
    "time": 1506587113759,
    "isMatch": 1,
    "matchId": "105",
    "slogan": "哈哈哈哈哈哈",
    "voteNum": 3
  },
  {
    "id": 187,
    "name": "芙蓉",
    "picture": "img/woman.png",
    "phone": "13016666666",
    "sex": "1",
    "password": "a319b64a3811921e17fe9e12",
    "bio": "唔哈哈哈，哈哈哈啊哈哈",
    "time": 1513243028551,
    "isMatch": 0,
    "matchId": "000",
    "slogan": "",
    "voteNum": 0
  },
  {
    "id": 188,
    "name": "测试",
    "picture": "img/man.png",
    "phone": "11111111111",
    "sex": "0",
    "password": "4af22e23abcea2099da82741",
    "bio": "xxxxxxxxx",
    "time": 1528624848177,
    "isMatch": 0,
    "matchId": "000",
    "slogan": "",
    "voteNum": 0
  }
]